manchete,subtopico,link,topico,jornal
"

                        Governadores chiam com vetos, mas renegociação das dívidas ainda é presentaço                    
","
 Brasil 
",https://braziljournal.com/governadores-chiam-com-vetos-mas-renegociacao-das-dividas-ainda-e-presentaco/,economia,brazil_journal
"

                        Mercado no Brasil está tão ruim que é difícil piorar, diz Gavekal                    
","

                                    Investimentos 
                                
",https://braziljournal.com/mercado-no-brasil-esta-tao-ruim-que-e-dificil-piorar-diz-gavekal/,economia,brazil_journal
"

                        Qual é a alíquota do novo IVA? Ninguém sabe, nem saberá tão cedo                    
","

                                    Mercado de ideias 
                                
",https://braziljournal.com/qual-e-a-aliquota-do-novo-iva-ninguem-sabe-nem-sabera-tao-cedo/,economia,brazil_journal
"

                        Treasuries batem maior nível desde 2007, antes da grande crise                    
","

                                    EUA 
                                
",https://braziljournal.com/treasuries-batem-maior-nivel-desde-2007-antes-da-grande-crise/,economia,brazil_journal
"

                            Com juros nas mínimas históricas, China luta contra ‘japanização’                        
",China,https://braziljournal.com/com-juros-nas-minimas-historicas-china-luta-contra-japanizacao/,economia,brazil_journal
"

                            Receita muda definição de ‘grande contribuinte’ e sinaliza maior fiscalização                        
",Tributação,https://braziljournal.com/receita-muda-definicao-de-grande-contribuinte-e-sinaliza-maior-fiscalizacao/,economia,brazil_journal
"

                        A computação quântica está voando na Bolsa; o fundador da Nvidia é cético                     
","
 Inteligência Artificial 
",https://braziljournal.com/a-computacao-quantica-esta-voando-na-bolsa-o-fundador-da-nvidia-e-cetico/,tech,brazil_journal
"

                        Para a Lenovo, mouses e teclados estão com os dias contados                    
","

                                    Tecnologia & Internet 
                                
",https://braziljournal.com/para-a-lenovo-mouses-e-teclados-estao-com-os-dias-contados/,tech,brazil_journal
"

                        Anthropic negocia aporte e já vale US$ 60 bi                    
","

                                    Inteligência Artificial 
                                
",https://braziljournal.com/anthropic-negocia-aporte-e-ja-vale-us-60-bi/,tech,brazil_journal
"

                        Big Tech já é uma bolha? Howard Marks não parece ter dúvidas                    
","

                                    Tecnologia & Internet 
                                
",https://braziljournal.com/big-tech-ja-e-uma-bolha-howard-marks-nao-parece-ter-duvidas/,tech,brazil_journal
"

                            O cabo submarino da Meta para levar a IA a todo o planeta                        
",Inteligência Artificial,https://braziljournal.com/o-cabo-submarino-da-meta-para-levar-a-ia-a-todo-o-planeta/,tech,brazil_journal
"

                            A Teachy usa IA para ajudar os professores – e acaba de captar R$ 40 milhões                        
",Startups,https://braziljournal.com/a-teachy-usa-ia-para-ajudar-os-professores-e-acaba-de-captar-r-40-milhoes/,tech,brazil_journal
"Alvo de polêmica e fake news, PIX bate recorde em 2024 e movimenta R$ 26,4 trilhões",Tem novidade no radar,https://g1.globo.com/economia/noticia/2025/01/16/alvo-de-polemica-e-fake-news-pix-bate-recorde-em-2024-movimenta-r-264-trilhoes-e-tera-novidades.ghtml,economia,g1
Ações de Azul e Gol disparam com acordo que criaria maior aérea do Brasil,Decolou,https://g1.globo.com/economia/noticia/2025/01/16/acoes-azul-gol.ghtml,economia,g1
Concurso dos Correios divulga resultados nesta sexta-feira; veja próximos passos,Veja como acessar,https://g1.globo.com/trabalho-e-carreira/concursos/noticia/2025/01/16/concurso-dos-correios-resultados-serao-divulgados.ghtml,economia,g1
"Mega-Sena, concurso 2.816: aposta de Indaiatuba (SP) ganha sozinha prêmio de R$ 37,3 milhões",Economia,https://g1.globo.com/loterias/noticia/2025/01/16/mega-sena-concurso-2816-resultado.ghtml,economia,g1
Governo pede que PF apure uso indevido do CPF de Haddad em meio a fake news sobre PIX,Economia,https://g1.globo.com/economia/noticia/2025/01/16/fazenda-pede-que-pf-apure-uso-indevido-do-cpf-de-haddad-em-meio-a-fake-news-sobre-pix.ghtml,economia,g1
Reforma Tributária: governo estima alíquota sobre consumo 'um pouquinho maior' que o inicialmente projetado,Economia,https://g1.globo.com/economia/noticia/2025/01/16/tarifa-do-imposto-unificado-deve-ser-um-pouco-maior-que-a-projetada-diz-secretario-da-reforma-tributaria.ghtml,economia,g1
"VÍDEO: SpaceX pousa foguete na plataforma de lançamento, mas perde contato com Starship ",Economia,https://g1.globo.com/inovacao/noticia/2025/01/16/spacex-faz-7-lancamento-da-starship-nave-mais-poderosa-do-mundo.ghtml,tech,g1
"CEO do TikTok é convidado para ficar em lugar de honra na posse de Trump, diz jornal",Economia,https://g1.globo.com/tecnologia/noticia/2025/01/16/ceo-do-tiktok-e-convidado-para-ficar-em-lugar-de-honra-na-posse-de-trump-diz-jornal.ghtml,tech,g1
Advogado diz que não vai mais representar Meta: 'Machismo tóxico e loucura neonazista',Economia,https://g1.globo.com/tecnologia/noticia/2025/01/16/advogado-diz-que-nao-vai-mais-representar-meta-machismo-toxico-e-a-loucura-neo-nazista.ghtml,tech,g1
"Trump cogita decreto para suspender banimento do TikTok nos EUA, diz jornal",Economia,https://g1.globo.com/tecnologia/noticia/2025/01/15/trump-cogita-decreto-para-suspender-banimento-do-tiktok-nos-eua-diz-jornal.ghtml,tech,g1
"TikTok planeja derrubar aplicativo nos EUA a partir de domingo, diz agência",Economia,https://g1.globo.com/tecnologia/noticia/2025/01/15/tiktok-planeja-derrubar-aplicativo-nos-eua-a-partir-de-domingo-dizem-agencia.ghtml,tech,g1
"Doadores, Musk, Zuckerberg e Jeff Bezos irão à posse de Trump",Economia,https://g1.globo.com/tecnologia/noticia/2025/01/15/doadores-musk-zuckerberg-e-jeff-bezos-irao-a-posse-de-trump.ghtml,tech,g1
Dólar fecha em alta após furar piso de R$ 6 pela 1ª vez em mais de um mês; Ibovespa cai mais de 1%,Mercados,https://valor.globo.com/financas/ao-vivo/2023/06/16/dolar-avanca-e-ibovespa-recua-em-dia-de-correcao-siga-os-mercados.ghtml,economia,valor_economico
Fintechs apoiaram instrução da Receita que ampliou monitoramento de transações,Bastidores,https://valor.globo.com/financas/noticia/2025/01/16/fintechs-apoiaram-instruo-da-receita-que-ampliou-monitoramento-de-transaes.ghtml,economia,valor_economico
Bradesco escolhe novo chefe de tesouraria e faz outras promoções,Movimentação,https://valor.globo.com/financas/noticia/2025/01/16/bradesco-escolhe-novo-chefe-de-tesouraria-e-promove-outros-executivos.ghtml,economia,valor_economico
Análise: Dados colocam primeiras dúvidas ao Banco Central sobre desaceleração da economia,Alex Ribeiro,https://valor.globo.com/financas/noticia/2025/01/16/analise-dados-colocam-primeiras-duvidas-ao-banco-central-sobre-desaceleracao-da-economia.ghtml,economia,valor_economico
Serasa vai 'limpar' nome de devedor instantaneamente,'Efeito Pix',https://valor.globo.com/financas/noticia/2025/01/16/serasa-vai-limpar-instantaneamente-nome-do-devedor-aps-pagamento.ghtml,economia,valor_economico
"Sem quórum, AIZ tem vencimento de dívida antecipado",Reestruturação,https://valor.globo.com/financas/noticia/2025/01/16/sem-qurum-para-aprovar-reestruturao-aiz-tem-vencimento-de-dvida-antecipado.ghtml,economia,valor_economico
"Cosan embolsa R$ 9,1 bi com venda de ações da Vale",Empresas,https://valor.globo.com/empresas/noticia/2025/01/16/cosan-embolsa-r-91-bi-com-venda-de-acoes-da-vale.ghtml,tech,valor_economico
Acordo para juntar Azul e Gol terá um longo caminho no Cade,Análise – Cristian Favaro,https://valor.globo.com/empresas/noticia/2025/01/16/analise-acordo-para-juntar-azul-e-gol-tera-um-longo-caminho-no-cade.ghtml,tech,valor_economico
"Sírio-Libanês tem novo CEO, Fabio Fossen, que deixa Cruzeiro do Sul",Saúde,https://valor.globo.com/empresas/noticia/2025/01/16/fabio-fossen-deixa-a-presidncia-da-cruzeiro-do-sul-aps-pouco-mais-de-trs-anos.ghtml,tech,valor_economico
Oportunidades e receios na Arábia Saudita,Mineração,https://valor.globo.com/empresas/noticia/2025/01/16/oportunidades-e-receios-na-arabia-saudita.ghtml,tech,valor_economico
‘Big Brother’ no trânsito avança nos EUA e na China,Inovação,https://valor.globo.com/empresas/noticia/2025/01/16/big-brother-no-transito-avanca-nos-eua-e-na-china.ghtml,tech,valor_economico
"""Big techs"" alinham-se à era Trump. Por que o alerta?",Newsletter de IA,https://valor.globo.com/empresas/noticia/2025/01/16/big-techs-alinham-se-a-nova-era-trump-entenda-por-que-o-mercado-esta-em-alerta.ghtml,tech,valor_economico
,,,,
,,,,
,,,,
,,,,
,,,,
,,,,
,,,,
,,,,
,,,,
,,,,
,,,,
,,,,
,,,,
,,,,
,,,,
,,,,
,,,,
,,,,
,,,,
,,,,
,,,,
,,,,
,,,,
,,,,
,,,,
,,,,
,,,,
,,,,
,,,,
,,,,
,,,,
,,,,
,,,,
,,,,
,,,,
,,,,
Pension funds dabble in crypto after massive bitcoin rally,Bitcoin,https://www.ft.com/content/4146fbca-2930-41ef-965d-9cc8ea1d9aaf,economia,ft
Wall Street stocks post biggest rally since Trump’s election victory,US inflation,https://www.ft.com/content/49a782ea-b571-436d-9061-d09967285bae,economia,ft
Climate fund hails ‘new era’ with $500mn bond deal,Fund management,https://www.ft.com/content/815ddd42-c934-49db-aba7-dc8ceea8441b,economia,ft
"Continental Europe avoiding London’s listings ‘exodus’, says Euronext chief",Euronext NV,https://www.ft.com/content/4f075874-6e96-414e-b637-10d27dfd5782,economia,ft
The two key risks facing investors,Johanna Kyrklund,https://www.ft.com/content/13eb35f1-b82c-41a7-9804-06ec34e34e59,economia,ft
Bond vigilantes are overexcited (again),Katie Martin,https://www.ft.com/content/be25874e-3f86-41a7-84e5-06ea9bb6817e,economia,ft
Silicon Valley defence start-up Shield AI hits $5bn valuation,Aerospace & Defence,https://www.ft.com/content/ba8d0057-7a5c-47d4-b0ce-b12617305340,tech,ft
Apple CFO denies company enjoys 75% margin on its App Store,Apple Inc,https://www.ft.com/content/85c580f8-9663-4b76-b7f8-fd6820697726,tech,ft
Neurotechnology study delivers ‘another level’ of touch to bionic hands,Neurotechnology,https://www.ft.com/content/47b9a447-ea01-4559-a826-51f54816f577,tech,ft
Ransomware costs at NHS provider Synnovis far outstrip profits ,Cyber Security,https://www.ft.com/content/d2be7c65-bf44-4a7d-9791-6deafe66659f,tech,ft
Waymo’s journey shows the path ahead for AI agents,Tim Bradshaw,https://www.ft.com/content/4f129ffb-5599-4dc8-bab5-b30ba5657ef7,tech,ft
TSMC can weather geopolitical tensions,Taiwan Semiconductor Manufacturing Co Ltd,https://www.ft.com/content/1fbd32ab-f90d-4604-9568-48afc87a8271,tech,ft
Has China already reached peak oil?,The Big Read,https://www.ft.com/content/341f0aaa-7173-454c-89fd-103287625d38,deep_dive,ft
The China commodities supercycle is over. Will there be another?,The Big Read,https://www.ft.com/content/8ae50718-31ce-4e18-8491-33a600bbd3a5,deep_dive,ft
Reversal of fortunes: Europe’s thriving south and stagnant north,The Big Read,https://www.ft.com/content/3eaa4534-6593-467b-877b-3a18e0a30181,deep_dive,ft
How El Salvador became a model for the global far right,The Big Read,https://www.ft.com/content/99f09fcb-c13e-48dd-9658-18142f521d4f,deep_dive,ft
The art of dealing with Donald Trump,The Big Read,https://www.ft.com/content/81dfaf4b-0f5d-43c4-b64c-a99ca4da7cb4,deep_dive,ft
The rising threat of deadly diseases jumping from animals to humans,The Big Read,https://www.ft.com/content/a7148663-dd17-4334-b423-b92204ed56cd,deep_dive,ft
